Workbook

Sheet Admin Interface
B3: No. | C3: Sent at | D3: Barangay | E3: Phone Numbers | F3: Status
F4: No. of Contacts | G4: Status
B5: 1 | D5: Poblacion 1 | E5: 0993 398 4078 | F5: =COUNTIF(Database!$G$4:$G$8,G5) -> 0 | G5: Pending
B6: =B5+1 -> 2 | E6: 0992 429 8663 | F6: =COUNTIF(Database!$G$4:$G$8,G6) -> 0 | G6: Retrying
B7: =B6+1 -> 3 | F7: =COUNTIF(Database!$G$4:$G$8,G7) -> 0 | G7: Sent
B8: =B7+1 -> 4 | F8: =COUNTIF(Database!$G$4:$G$8,G8) -> 0 | G8: Failed
B9: =B8+1 -> 5
B10: =B9+1 -> 6 | D10: Poblacion 2 | F10: =COUNTIF(Database!$G$9:$G$13,G10) -> 0 | G10: Pending
B11: =B10+1 -> 7 | F11: =COUNTIF(Database!$G$9:$G$13,G11) -> 0 | G11: Retrying
B12: =B11+1 -> 8 | F12: =COUNTIF(Database!$G$9:$G$13,G12) -> 0 | G12: Sent
B13: =B12+1 -> 9 | F13: =COUNTIF(Database!$G$9:$G$13,G13) -> 0 | G13: Failed
B14: =B13+1 -> 10
B15: =B14+1 -> 11 | D15: Poblacion 3 | F15: =COUNTIF(Database!$G$14:$G$18,G15) -> 0 | G15: Pending
B16: =B15+1 -> 12 | F16: =COUNTIF(Database!$G$14:$G$18,G16) -> 0 | G16: Retrying
B17: =B16+1 -> 13 | F17: =COUNTIF(Database!$G$14:$G$18,G17) -> 0 | G17: Sent
B18: =B17+1 -> 14 | F18: =COUNTIF(Database!$G$14:$G$18,G18) -> 0 | G18: Failed
B19: =B18+1 -> 15
B20: =B19+1 -> 16 | D20: Poblacion 4 | F20: =COUNTIF(Database!$G$19:$G$23,G20) -> 0 | G20: Pending
B21: =B20+1 -> 17 | F21: =COUNTIF(Database!$G$19:$G$23,G21) -> 0 | G21: Retrying
B22: =B21+1 -> 18 | F22: =COUNTIF(Database!$G$19:$G$23,G22) -> 0 | G22: Sent
B23: =B22+1 -> 19 | F23: =COUNTIF(Database!$G$19:$G$23,G23) -> 0 | G23: Failed
B24: =B23+1 -> 20

Sheet Database
B3: No. | C3: Sent at | D3: Barangay | E3: Phone Numbers | F3: Full_Name | G3: Status
B4: 1 | D4: Poblacion 1 | E4: 0993 398 4078 | F4: Ken Jedrick Garcia
B5: =B4+1 -> 2 | E5: 0992 429 8663 | F5: Riley Gutierrez
B6: =B5+1 -> 3
B7: =B6+1 -> 4
B8: =B7+1 -> 5
B9: =B8+1 -> 6 | D9: Poblacion 2
B10: =B9+1 -> 7
B11: =B10+1 -> 8
B12: =B11+1 -> 9
B13: =B12+1 -> 10
B14: =B13+1 -> 11 | D14: Poblacion 3
B15: =B14+1 -> 12
B16: =B15+1 -> 13
B17: =B16+1 -> 14
B18: =B17+1 -> 15
B19: =B18+1 -> 16 | D19: Poblacion 4
B20: =B19+1 -> 17
B21: =B20+1 -> 18
B22: =B21+1 -> 19
B23: =B22+1 -> 20
